{"cameraMode":{"drawMode":0,"name":"Shaded","section":"Shading Mode"},"sceneLighting":true,"audioPlay":false,"sceneViewState":{"showFog":true,"showMaterialUpdate":false,"showSkybox":true,"showFlares":true,"showImageEffects":true,"showParticleSystems":true},"in2DMode":false,"pivot":{"x":6.344791889190674,"y":4.22566032409668,"z":-4.240036964416504},"rotation":{"x":-0.3732061982154846,"y":0.26868143677711489,"z":-0.11384639143943787,"w":-0.880721390247345},"size":14.951007843017579,"orthographic":false}