{"cameraMode":{"drawMode":0,"name":"Shaded","section":"Shading Mode"},"sceneLighting":true,"audioPlay":false,"sceneViewState":{"showFog":true,"showMaterialUpdate":false,"showSkybox":true,"showFlares":true,"showImageEffects":true,"showParticleSystems":true},"in2DMode":false,"pivot":{"x":5.210705757141113,"y":-2.584366798400879,"z":-5.259320259094238},"rotation":{"x":-0.3732061982154846,"y":0.26868143677711489,"z":-0.11384639143943787,"w":-0.880721390247345},"size":25.268070220947267,"orthographic":false}