{"cameraMode":{"drawMode":0,"name":"Shaded","section":"Shading Mode"},"sceneLighting":true,"audioPlay":false,"sceneViewState":{"showFog":true,"showMaterialUpdate":false,"showSkybox":true,"showFlares":true,"showImageEffects":true,"showParticleSystems":true},"in2DMode":false,"pivot":{"x":5.4257097244262699,"y":-3.1062116622924806,"z":6.600050926208496},"rotation":{"x":-0.41349372267723086,"y":-0.010384764522314072,"z":0.004712522961199284,"w":-0.9104551076889038},"size":12.129249572753907,"orthographic":false}