{"cameraMode":{"drawMode":0,"name":"Shaded","section":"Shading Mode"},"sceneLighting":true,"audioPlay":false,"sceneViewState":{"showFog":true,"showMaterialUpdate":false,"showSkybox":true,"showFlares":true,"showImageEffects":true,"showParticleSystems":true},"in2DMode":false,"pivot":{"x":-4.3425703048706059,"y":2.3758087158203127,"z":-1.5961246490478516},"rotation":{"x":-0.409603476524353,"y":-0.14487050473690034,"z":0.06607925146818161,"w":-0.8983148336410523},"size":13.04516887664795,"orthographic":false}